StreamLen	Trials	NumDistinct	EpsTotalWeight	p0.00135	p0.02275	p0.15866	p0.50	p0.84134	p0.97725	p0.99865	BoundViolationRate
32	1024	24.2	0.32	0.0000	0.0000	0.0000	0.0000	0.0000	0.0000	0.0000	0.00064485
33	1010	24.9	0.33	0.0000	0.0000	0.0000	0.0000	0.0000	0.0000	0.0000	0.00059742
35	986	26.1	0.35	0.0000	0.0000	0.0000	0.0000	0.0000	0.0000	0.0000	0.00085371
36	974	26.7	0.36	0.0000	0.0000	0.0000	0.0000	0.0000	0.0000	0.0000	0.00103938
38	953	28.1	0.38	0.0000	0.0000	0.0000	0.0000	0.0000	0.0000	0.0000	0.00085917
40	933	29.3	0.40	0.0000	0.0000	0.0000	0.0000	0.0000	0.0000	0.0000	0.00128107
41	923	29.9	0.41	0.0000	0.0000	0.0000	0.0000	0.0000	0.0000	0.0000	0.00079780
43	905	31.2	0.43	0.0000	0.0000	0.0000	0.0000	0.0000	0.0000	0.0000	0.00131248
45	888	32.4	0.45	0.0000	0.0000	0.0000	0.0000	0.0000	0.0000	0.0000	0.00121807
47	872	33.6	0.47	0.0000	0.0000	0.0000	0.0000	0.0000	0.0000	0.0000	0.00167401
49	857	34.9	0.49	0.0000	0.0000	0.0000	0.0000	0.0000	0.0000	0.0000	0.00177441
52	836	36.4	0.52	0.0000	0.0000	0.0000	0.0000	0.0000	0.0000	0.0000	0.00190739
54	823	37.7	0.54	0.0000	0.0000	0.0000	0.0000	0.0000	0.0000	0.0000	0.00225719
56	811	39.0	0.56	0.0000	0.0000	0.0000	0.0000	0.0000	0.0000	1.0000	0.00259436
59	793	40.5	0.59	0.0000	0.0000	0.0000	0.0000	0.0000	0.0000	1.0000	0.00267463
61	782	41.8	0.61	0.0000	0.0000	0.0000	0.0000	0.0000	0.0000	1.0000	0.00290467
64	767	43.4	0.64	0.0000	0.0000	0.0000	0.0000	0.0000	0.0000	1.0000	0.00285689
67	752	45.0	0.67	0.0000	0.0000	0.0000	0.0000	0.0000	0.0000	0.0000	0.00357502
70	739	46.9	0.70	0.0000	0.0000	0.0000	0.0000	0.0000	0.0000	1.0000	0.00395531
73	726	48.6	0.73	0.0000	0.0000	0.0000	0.0000	0.0000	0.0000	1.0000	0.00441939
76	714	50.1	0.76	0.0000	0.0000	0.0000	0.0000	0.0000	0.0000	1.0000	0.00458485
79	702	51.6	0.79	0.0000	0.0000	0.0000	0.0000	0.0000	0.0000	1.0000	0.00519022
83	688	53.8	0.83	0.0000	0.0000	0.0000	0.0000	0.0000	0.0000	1.0000	0.00578347
87	675	56.3	0.87	0.0000	0.0000	0.0000	0.0000	0.0000	0.0000	1.0000	0.00671547
91	662	58.3	0.91	0.0000	0.0000	0.0000	0.0000	0.0000	0.0000	1.0000	0.00709955
95	650	60.5	0.95	0.0000	0.0000	0.0000	0.0000	0.0000	0.0000	1.0000	0.00794035
99	639	62.5	0.99	0.0000	0.0000	0.0000	0.0000	0.0000	0.0000	1.0000	0.00834231
103	629	64.4	1.03	0.0000	0.0000	0.0000	0.0000	0.0000	0.0000	1.0000	0.00009877
108	616	67.5	1.08	0.0000	0.0000	0.0000	0.0000	0.0000	0.0000	1.0000	0.00033689
112	607	69.5	1.12	0.0000	0.0000	0.0000	0.0000	0.0000	0.0000	2.0000	0.00028437
117	596	71.6	1.17	0.0000	0.0000	0.0000	0.0000	0.0000	0.0000	1.0000	0.00023440
123	584	74.4	1.23	0.0000	0.0000	0.0000	0.0000	0.0000	0.0000	1.0000	0.00034514
128	574	76.9	1.28	0.0000	0.0000	0.0000	0.0000	0.0000	0.0000	1.0000	0.00038509
134	563	80.2	1.34	0.0000	0.0000	0.0000	0.0000	0.0000	0.0000	1.0000	0.00042073
140	553	82.9	1.40	0.0000	0.0000	0.0000	0.0000	0.0000	0.0000	2.0000	0.00039266
146	544	86.2	1.46	0.0000	0.0000	0.0000	0.0000	0.0000	1.0000	1.0000	0.00057589
152	534	89.1	1.52	0.0000	0.0000	0.0000	0.0000	0.0000	1.0000	1.0000	0.00081924
159	525	92.2	1.59	0.0000	0.0000	0.0000	0.0000	0.0000	1.0000	1.0000	0.00084709
166	515	95.4	1.66	0.0000	0.0000	0.0000	0.0000	0.0000	1.0000	1.0000	0.00116009
173	506	98.5	1.73	0.0000	0.0000	0.0000	0.0000	0.0000	1.0000	1.0000	0.00104380
181	497	102.4	1.81	0.0000	0.0000	0.0000	0.0000	0.0000	1.0000	1.0000	0.00106078
189	488	106.7	1.89	0.0000	0.0000	0.0000	0.0000	0.0000	1.0000	1.0000	0.00144023
197	480	110.3	1.97	0.0000	0.0000	0.0000	0.0000	0.0000	1.0000	1.0000	0.00151083
206	471	114.1	2.06	0.0000	0.0000	0.0000	0.0000	0.0000	1.0000	1.0000	0.00018614
215	463	117.4	2.15	0.0000	0.0000	0.0000	0.0000	0.0000	1.0000	1.0000	0.00022079
225	454	122.3	2.25	0.0000	0.0000	0.0000	0.0000	0.0000	1.0000	1.0000	0.00018005
235	446	126.8	2.35	0.0000	0.0000	0.0000	0.0000	0.0000	1.0000	2.0000	0.00021219
245	438	131.6	2.45	0.0000	0.0000	0.0000	0.0000	0.0000	1.0000	1.0000	0.00036432
256	430	135.8	2.56	0.0000	0.0000	0.0000	0.0000	0.0000	1.0000	2.0000	0.00039382
267	423	140.0	2.67	0.0000	0.0000	0.0000	0.0000	0.0000	1.0000	2.0000	0.00038828
279	415	145.0	2.79	0.0000	0.0000	0.0000	0.0000	0.0000	1.0000	2.0000	0.00041541
292	407	151.2	2.92	0.0000	0.0000	0.0000	0.0000	0.0000	1.0000	3.0000	0.00066623
304	400	155.5	3.04	0.0000	0.0000	0.0000	0.0000	0.0000	1.0000	2.0000	0.00012863
318	393	160.9	3.18	0.0000	0.0000	0.0000	0.0000	0.0000	1.0000	2.0000	0.00023726
332	386	167.7	3.32	0.0000	0.0000	0.0000	0.0000	0.0000	1.0000	2.0000	0.00016991
347	379	173.6	3.47	0.0000	0.0000	0.0000	0.0000	0.0000	1.0000	3.0000	0.00022798
362	372	178.5	3.62	0.0000	0.0000	0.0000	0.0000	0.0000	1.0000	2.0000	0.00030121
378	366	185.4	3.78	0.0000	0.0000	0.0000	0.0000	0.0000	1.0000	3.0000	0.00032420
395	359	191.7	3.95	0.0000	0.0000	0.0000	0.0000	0.0000	1.0000	2.0000	0.00050855
412	353	198.1	4.12	0.0000	0.0000	0.0000	0.0000	0.0000	1.0000	3.0000	0.00021446
431	346	205.6	4.31	0.0000	0.0000	0.0000	0.0000	0.0000	1.0000	4.0000	0.00025308
450	340	212.3	4.50	0.0000	0.0000	0.0000	0.0000	0.0000	1.0000	2.0000	0.00029099
470	334	219.3	4.70	0.0000	0.0000	0.0000	0.0000	1.0000	1.0000	3.0000	0.00023211
490	328	227.7	4.90	0.0000	0.0000	0.0000	0.0000	1.0000	1.0000	3.0000	0.00029451
512	322	234.2	5.12	0.0000	0.0000	0.0000	0.0000	1.0000	2.0000	4.0000	0.00010606
535	316	243.9	5.35	0.0000	0.0000	0.0000	0.0000	1.0000	2.0000	2.0000	0.00015572
558	311	251.7	5.58	0.0000	0.0000	0.0000	0.0000	1.0000	2.0000	4.0000	0.00024270
583	305	261.5	5.83	0.0000	0.0000	0.0000	0.0000	1.0000	2.0000	3.0000	0.00028833
609	300	269.7	6.09	0.0000	0.0000	0.0000	0.0000	1.0000	2.0000	3.0000	0.00013594
636	294	278.3	6.36	0.0000	0.0000	0.0000	0.0000	1.0000	2.0000	3.0000	0.00015887
664	289	288.6	6.64	0.0000	0.0000	0.0000	0.0000	1.0000	2.0000	6.0000	0.00014388
693	284	297.9	6.93	0.0000	0.0000	0.0000	0.0000	1.0000	2.0000	6.0000	0.00024821
724	279	309.3	7.24	0.0000	0.0000	0.0000	0.0000	1.0000	2.0000	4.0000	0.00026650
756	274	319.1	7.56	0.0000	0.0000	0.0000	0.0000	1.0000	2.0000	3.0000	0.00020584
790	269	330.7	7.90	0.0000	0.0000	0.0000	0.0000	1.0000	2.0000	4.0000	0.00026979
825	264	343.0	8.24	0.0000	0.0000	0.0000	0.0000	1.0000	2.0000	5.0000	0.00016565
861	259	352.2	8.60	0.0000	0.0000	0.0000	0.0000	1.0000	3.0000	5.0000	0.00019734
899	255	365.5	8.98	0.0000	0.0000	0.0000	0.0000	1.0000	3.0000	4.0000	0.00018240
939	250	378.9	9.38	0.0000	0.0000	0.0000	0.0000	1.0000	3.0000	8.0000	0.00019005
981	245	390.0	9.80	0.0000	0.0000	0.0000	0.0000	1.0000	3.0000	7.0000	0.00024070
1024	241	403.8	10.23	0.0000	0.0000	0.0000	0.0000	1.0000	3.0000	5.0000	0.00012331
1069	237	417.9	10.68	0.0000	0.0000	0.0000	0.0000	1.0000	3.0000	7.0000	0.00016155
1117	233	433.2	11.16	0.0000	0.0000	0.0000	1.0000	2.0000	3.0000	7.0000	0.00010897
1166	228	445.4	11.65	0.0000	0.0000	0.0000	1.0000	2.0000	3.0000	5.0000	0.00019695
1218	224	460.1	12.17	0.0000	0.0000	0.0000	1.0000	2.0000	4.0000	8.0000	0.00010674
1272	220	476.1	12.71	0.0000	0.0000	0.0000	1.0000	2.0000	3.0000	6.0000	0.00016230
1328	216	492.9	13.27	0.0000	0.0000	0.0000	1.0000	2.0000	4.0000	6.0000	0.00014089
1387	212	508.9	13.86	0.0000	0.0000	0.0000	1.0000	2.0000	4.0000	6.0000	0.00017610
1448	209	525.5	14.47	0.0000	0.0000	0.0000	1.0000	2.0000	4.0000	6.0000	0.00012747
1512	205	542.3	15.11	0.0000	0.0000	0.0000	1.0000	2.0000	4.0000	8.0000	0.00016191
1579	201	561.6	15.78	0.0000	0.0000	0.0000	1.0000	2.0000	4.0000	11.0000	0.00017717
1649	198	578.6	16.48	0.0000	0.0000	0.0000	1.0000	2.0000	4.0000	7.0000	0.00015713
1722	194	597.9	17.21	0.0000	0.0000	0.0000	1.0000	2.0000	4.0000	8.0000	0.00015518
1798	191	616.4	17.97	0.0000	0.0000	0.0000	1.0000	3.0000	5.0000	12.0000	0.00016988
1878	187	640.7	18.77	0.0000	0.0000	0.0000	1.0000	3.0000	5.0000	8.0000	0.00020033
1961	184	659.0	19.60	0.0000	0.0000	0.0000	1.0000	3.0000	5.0000	9.0000	0.00014019
2048	181	679.5	20.47	0.0000	0.0000	0.0000	1.0000	3.0000	5.0000	9.0000	0.00018700
2139	177	703.4	21.38	0.0000	0.0000	0.0000	1.0000	3.0000	6.0000	11.0000	0.00020081
2233	174	726.5	22.32	0.0000	0.0000	0.0000	2.0000	3.0000	6.0000	9.0000	0.00021358
2332	171	750.4	23.31	0.0000	0.0000	0.0000	2.0000	3.0000	7.0000	13.0000	0.00012470
2435	168	773.4	24.33	0.0000	0.0000	0.0000	2.0000	3.0000	7.0000	21.0000	0.00014623
2543	165	797.3	25.41	0.0000	0.0000	1.0000	2.0000	4.0000	7.0000	12.0000	0.00012162
2656	162	825.3	26.54	0.0000	0.0000	1.0000	2.0000	4.0000	7.0000	11.0000	0.00017204
2774	159	849.7	27.72	0.0000	0.0000	1.0000	2.0000	4.0000	7.0000	10.0000	0.00019244
2896	156	877.9	28.94	0.0000	0.0000	1.0000	2.0000	4.0000	7.0000	42.0000	0.00014603
3025	153	905.2	30.23	0.0000	0.0000	1.0000	2.0000	4.0000	8.0000	29.0000	0.00012997
3158	151	934.3	31.56	0.0000	0.0000	1.0000	2.0000	5.0000	8.0000	16.0000	0.00012759
3298	148	966.1	32.96	0.0000	0.0000	1.0000	2.0000	5.0000	8.0000	13.0000	0.00013988
3444	145	994.4	34.42	0.0000	0.0000	1.0000	3.0000	5.0000	8.0000	24.0000	0.00018726
3597	143	1027.5	35.95	0.0000	0.0000	1.0000	3.0000	5.0000	9.0000	17.0000	0.00015654
3756	140	1058.7	37.54	0.0000	0.0000	1.0000	3.0000	5.0000	9.0000	21.0000	0.00020241
3922	138	1091.3	39.20	0.0000	0.0000	1.0000	3.0000	6.0000	10.0000	25.0000	0.00015937
4096	135	1126.9	40.93	0.0000	0.0000	1.0000	3.0000	6.0000	11.0000	18.0000	0.00013804
4277	133	1158.8	42.74	0.0000	0.0000	1.0000	3.0000	6.0000	11.0000	16.0000	0.00017518
4467	130	1193.9	44.64	0.0000	0.0000	2.0000	4.0000	6.0000	11.0000	21.0000	0.00018041
4664	128	1235.4	46.61	0.0000	0.0000	2.0000	4.0000	7.0000	12.0000	34.0000	0.00016442
4871	126	1267.4	48.68	0.0000	0.0000	2.0000	4.0000	7.0000	13.0000	33.0000	0.00012524
5087	123	1309.1	50.84	0.0000	1.0000	2.0000	4.0000	7.0000	12.0000	30.0000	0.00014905
5312	121	1344.6	53.09	0.0000	1.0000	2.0000	4.0000	8.0000	13.0000	95.0000	0.00015366
5547	119	1386.5	55.43	0.0000	1.0000	2.0000	5.0000	8.0000	14.0000	26.0000	0.00013334
5793	117	1432.8	57.89	0.0000	1.0000	2.0000	5.0000	8.0000	14.0000	20.0000	0.00012527
6049	115	1475.0	60.45	0.0000	1.0000	3.0000	5.0000	9.0000	16.0000	30.0000	0.00015328
6317	113	1517.1	63.13	0.0000	1.0000	3.0000	5.0000	9.0000	15.0000	37.0000	0.00015750
6597	111	1562.2	65.93	0.0000	1.0000	3.0000	6.0000	9.0000	17.0000	26.0000	0.00014994
6889	109	1612.5	68.85	0.0000	1.0000	3.0000	6.0000	10.0000	17.0000	61.0000	0.00010241
7194	107	1658.6	71.89	0.0000	1.0000	3.0000	6.0000	10.0000	18.0000	29.0000	0.00012960
7512	105	1709.0	75.07	0.0000	1.0000	3.0000	6.0000	11.0000	19.0000	63.0000	0.00013932
7845	103	1766.0	78.40	0.0000	1.0000	4.0000	7.0000	11.0000	20.0000	32.0000	0.00011545
8192	101	1810.7	81.87	0.0000	2.0000	4.0000	7.0000	12.0000	20.0000	28.0000	0.00013670
8555	99	1861.9	85.50	0.0000	1.0000	4.0000	7.0000	12.0000	20.0000	37.0000	0.00009765
8933	97	1917.1	89.27	1.0000	2.0000	4.0000	8.0000	13.0000	23.0000	51.0000	0.00010755
9329	96	1969.7	93.23	0.0000	2.0000	5.0000	8.0000	13.0000	23.0000	39.0000	0.00006346
9742	94	2027.3	97.36	1.0000	2.0000	5.0000	8.0000	14.0000	24.0000	47.0000	0.00012069
10173	92	2085.1	101.67	0.0000	2.0000	5.0000	9.0000	14.0000	25.0000	42.0000	0.00013554
10624	91	2144.2	106.17	0.0000	2.0000	5.0000	9.0000	15.0000	25.0000	50.0000	0.00014863
11094	89	2202.9	110.87	1.0000	3.0000	6.0000	10.0000	16.0000	27.0000	53.0000	0.00014792
11585	87	2258.4	115.78	1.0000	3.0000	6.0000	10.0000	16.0000	27.0000	40.0000	0.00016795
12098	86	2324.4	120.90	1.0000	3.0000	6.0000	11.0000	17.0000	30.0000	52.0000	0.00014007
12634	84	2392.1	126.26	1.0000	3.0000	7.0000	11.0000	18.0000	30.0000	62.0000	0.00014433
13193	83	2455.9	131.85	1.0000	4.0000	7.0000	12.0000	19.0000	35.0000	76.0000	0.00014717
13777	81	2522.2	137.68	1.0000	4.0000	7.0000	12.0000	20.0000	35.0000	84.0000	0.00009790
14387	80	2599.1	143.78	2.0000	4.0000	8.0000	13.0000	21.0000	35.0000	65.0000	0.00013466
15024	78	2661.1	150.15	1.0000	5.0000	8.0000	13.0000	21.0000	38.0000	80.0000	0.00012044
15689	77	2730.2	156.79	2.0000	5.0000	8.0000	14.0000	22.0000	40.0000	226.0000	0.00009038
16384	76	2799.9	163.74	3.0000	5.0000	9.0000	15.0000	23.0000	40.0000	60.0000	0.00013158
17109	74	2875.8	170.98	2.0000	5.0000	9.0000	15.0000	24.0000	41.0000	74.0000	0.00015977
17867	73	2956.2	178.56	2.0000	6.0000	10.0000	16.0000	25.0000	45.0000	134.0000	0.00014828
18658	72	3022.6	186.46	3.0000	6.0000	10.0000	17.0000	26.0000	45.0000	64.0000	0.00013325
19484	70	3102.1	194.72	2.0000	6.0000	11.0000	17.0000	27.0000	46.0000	76.0000	0.00014276
20347	69	3183.7	203.34	4.0000	6.0000	11.0000	18.0000	29.0000	51.0000	86.0000	0.00011836
21247	68	3265.7	212.34	4.0000	7.0000	12.0000	19.0000	30.0000	49.0000	77.0000	0.00014410
22188	67	3347.6	221.74	5.0000	7.0000	13.0000	20.0000	32.0000	53.0000	145.0000	0.00015605
23170	65	3424.9	231.55	5.0000	8.0000	13.0000	21.0000	33.0000	59.0000	126.0000	0.00016620
24196	64	3512.9	241.81	4.0000	8.0000	14.0000	22.0000	34.0000	60.0000	85.0000	0.00012009
25268	63	3595.8	252.52	5.0000	9.0000	15.0000	23.0000	36.0000	65.0000	271.0000	0.00018099
26386	62	3675.5	263.69	5.0000	9.0000	15.0000	24.0000	37.0000	63.0000	94.0000	0.00011848
27554	61	3763.8	275.37	5.0000	9.0000	16.0000	25.0000	39.0000	68.0000	121.0000	0.00018294
28774	60	3851.5	287.56	7.0000	10.0000	17.0000	26.0000	41.0000	73.0000	136.0000	0.00013415
30048	59	3940.2	300.29	6.0000	10.0000	18.0000	27.0000	42.0000	73.0000	138.0000	0.00016776
31379	58	4030.7	313.59	7.0000	11.0000	18.0000	28.0000	45.0000	80.0000	129.0000	0.00017966
32768	57	4123.9	327.47	8.0000	11.0000	19.0000	30.0000	47.0000	79.0000	116.0000	0.00014889
34219	55	4205.3	341.97	7.0000	12.0000	20.0000	31.0000	49.0000	82.0000	127.0000	0.00014268
35734	54	4297.2	357.11	7.0000	13.0000	21.0000	33.0000	51.0000	85.0000	150.0000	0.00014652
37316	54	4402.0	372.92	8.0000	14.0000	22.0000	34.0000	53.0000	91.0000	217.0000	0.00012621
38968	53	4490.0	389.43	9.0000	15.0000	23.0000	36.0000	56.0000	100.0000	183.0000	0.00014288
40693	52	4575.5	406.67	8.0000	15.0000	24.0000	37.0000	57.0000	100.0000	160.0000	0.00011768
42495	51	4679.5	424.68	11.0000	16.0000	25.0000	39.0000	60.0000	103.0000	142.0000	0.00012990
44376	50	4775.4	443.48	10.0000	17.0000	26.0000	41.0000	63.0000	101.0000	145.0000	0.00015496
46341	49	4878.1	463.12	10.0000	17.0000	28.0000	43.0000	66.0000	111.0000	188.0000	0.00015061
48393	48	4969.3	483.62	11.0000	19.0000	29.0000	44.0000	69.0000	114.0000	190.0000	0.00014254
50535	47	5063.0	505.03	10.0000	20.0000	31.0000	46.0000	72.0000	121.0000	183.0000	0.00015969
52773	46	5152.0	527.40	12.0000	20.0000	32.0000	48.0000	74.0000	125.0000	196.0000	0.00015190
55109	45	5259.9	550.74	11.0000	21.0000	33.0000	50.0000	78.0000	130.0000	231.0000	0.00014365
57549	45	5354.9	575.13	14.0000	22.0000	35.0000	53.0000	81.0000	134.0000	214.0000	0.00012865
60097	44	5452.5	600.59	11.0000	24.0000	37.0000	55.0000	85.0000	143.0000	313.0000	0.00015422
62757	43	5542.3	627.17	13.0000	24.0000	38.0000	57.0000	88.0000	143.0000	309.0000	0.00013008
65536	42	5656.9	654.95	15.0000	26.0000	40.0000	60.0000	93.0000	158.0000	358.0000	0.00013890
68438	41	5741.6	683.95	21.0000	27.0000	42.0000	63.0000	98.0000	171.0000	421.0000	0.00011045
71468	41	5826.0	714.23	20.0000	29.0000	44.0000	66.0000	101.0000	181.0000	364.0000	0.00012978
74632	40	5928.8	745.85	18.0000	30.0000	46.0000	69.0000	106.0000	183.0000	333.0000	0.00011385
77936	39	6015.4	778.87	21.0000	33.0000	48.0000	72.0000	111.0000	190.0000	354.0000	0.00012788
81386	39	6113.8	813.35	22.0000	33.0000	50.0000	75.0000	115.0000	204.0000	480.0000	0.00013001
84990	38	6206.2	849.36	18.0000	33.0000	53.0000	79.0000	120.0000	204.0000	331.0000	0.00011873
88752	37	6298.0	886.96	22.0000	34.0000	55.0000	81.0000	125.0000	207.0000	327.0000	0.00013303
92682	36	6387.5	926.23	26.0000	38.0000	58.0000	86.0000	131.0000	230.0000	507.0000	0.00013046
96785	36	6480.7	967.24	28.0000	41.0000	61.0000	89.0000	137.0000	242.0000	541.0000	0.00012859
101070	35	6566.7	1010.06	25.0000	41.0000	62.0000	93.0000	144.0000	233.0000	322.0000	0.00010877
105545	35	6655.7	1054.78	28.0000	45.0000	66.0000	98.0000	149.0000	257.0000	420.0000	0.00010732
110218	34	6727.9	1101.48	30.0000	46.0000	69.0000	102.0000	157.0000	268.0000	485.0000	0.00012678
115098	33	6805.4	1150.25	32.0000	48.0000	72.0000	107.0000	164.0000	281.0000	771.0000	0.00014249
120194	33	6893.6	1201.18	28.0000	50.0000	75.0000	111.0000	169.0000	296.0000	461.0000	0.00010550
125515	32	6967.3	1254.36	27.0000	52.0000	78.0000	116.0000	177.0000	309.0000	543.0000	0.00013007
131072	32	7042.1	1309.89	34.0000	54.0000	82.0000	121.0000	186.0000	311.0000	627.0000	0.00013313
